Model,Weighted_Precision,Weighted_Recall,Weighted_F1_Score,Total_Support
Random Forest,0.892210843373494,0.8742951807228917,0.8842951807228916,1660
XGBoost,0.8714518072289157,0.8535361445783133,0.8635361445783133,1660
Neural Network,0.8506927710843373,0.8327771084337349,0.842777108433735,1660
Logistic Regression,0.7912710843373494,0.7718192771084338,0.7818192771084338,1660
